customer_id,last_order_date,recency,frequency,monetary,r_score,f_score,m_score,rfm_score,rfm_segment
C0001,2023-11-06,56,3,34750.5,3,2,2,322,Others
C0002,2023-04-03,273,7,73777.0,1,4,4,144,Loyal Customers
C0003,2023-12-21,11,6,84096.5,4,4,4,444,Champions
C0004,2023-08-24,130,3,77190.5,2,2,4,224,At Risk
C0005,2023-05-11,235,2,32194.5,2,1,2,212,Others
C0006,2023-07-23,162,3,30077.0,2,2,2,222,At Risk
C0007,2023-09-23,100,6,58650.5,3,4,3,343,Loyal Customers
C0008,2023-12-30,2,1,0.0,4,1,1,411,Others
C0009,2022-12-10,387,4,20872.5,1,3,1,131,Loyal Customers
C0010,2023-12-21,11,3,24119.5,4,2,2,422,Others
C0011,2023-12-16,16,5,170839.0,4,3,4,434,Loyal Customers
C0012,2023-03-21,286,4,52263.0,1,3,3,133,Loyal Customers
C0013,2023-01-17,349,1,56450.5,1,1,3,113,Lost
C0014,2023-12-02,30,2,18533.5,4,1,1,411,Others
C0015,2022-09-15,473,2,0.0,1,1,1,111,Lost
C0016,2023-10-20,73,4,25491.0,3,3,2,332,Loyal Customers
C0017,2023-12-10,22,3,40884.0,4,2,2,422,Others
C0018,2023-09-23,100,1,19350.0,3,1,1,311,Others
C0019,2022-10-21,437,1,17430.0,1,1,1,111,Lost
C0020,2023-12-23,9,4,51031.5,4,3,3,433,Loyal Customers
C0021,2023-07-06,179,2,16365.0,2,1,1,211,Others
C0022,2023-01-06,360,3,48391.5,1,2,3,123,At Risk
C0023,2023-10-11,82,3,22460.0,3,2,2,322,Others
C0024,2023-11-11,51,3,19717.0,4,2,1,421,Others
C0025,2023-12-08,24,6,24092.0,4,4,2,442,Loyal Customers
C0026,2023-09-01,122,3,26880.0,3,2,2,322,Others
C0027,2023-10-24,69,5,60444.0,3,3,3,333,Loyal Customers
C0028,2024-01-01,0,4,39735.5,4,3,2,432,Loyal Customers
C0029,2023-11-05,57,3,72770.5,3,2,4,324,Others
C0030,2022-12-13,384,3,34062.0,1,2,2,122,At Risk
C0032,2023-11-19,43,4,70751.5,4,3,4,434,Loyal Customers
C0033,2023-12-07,25,1,0.0,4,1,1,411,Others
C0034,2023-06-10,205,4,116769.0,2,3,4,234,Loyal Customers
C0035,2023-06-19,196,5,17602.0,2,3,1,231,Loyal Customers
C0036,2022-03-16,656,1,14860.0,1,1,1,111,Lost
C0037,2023-05-24,222,1,18144.5,2,1,1,211,Others
C0038,2023-05-15,231,7,40043.0,2,4,2,242,Loyal Customers
C0039,2023-10-15,78,4,28431.0,3,3,2,332,Loyal Customers
C0040,2023-03-16,291,3,38214.0,1,2,2,122,At Risk
C0041,2023-10-17,76,3,32226.0,3,2,2,322,Others
C0042,2023-11-01,61,3,16922.5,3,2,1,321,Others
C0043,2023-11-27,35,5,90115.0,4,3,4,434,Loyal Customers
C0044,2023-09-14,109,4,68050.5,3,3,3,333,Loyal Customers
C0045,2023-08-26,128,3,21155.0,3,2,1,321,Others
C0047,2023-06-03,212,5,61698.5,2,3,3,233,Loyal Customers
C0048,2022-06-19,561,1,3906.0,1,1,1,111,Lost
C0049,2022-10-05,453,2,2940.0,1,1,1,111,Lost
C0050,2023-11-14,48,7,68588.0,4,4,3,443,Loyal Customers
C0051,2023-10-04,89,5,74284.0,3,3,4,334,Loyal Customers
C0052,2023-05-02,244,3,40228.0,2,2,2,222,At Risk
C0053,2023-11-28,34,4,66102.0,4,3,3,433,Loyal Customers
C0054,2023-08-10,144,6,106130.0,2,4,4,244,Loyal Customers
C0055,2022-03-01,671,1,1339.5,1,1,1,111,Lost
C0057,2023-05-08,238,5,40797.5,2,3,2,232,Loyal Customers
C0058,2023-12-28,4,3,15792.0,4,2,1,421,Others
C0059,2022-10-29,429,3,23062.5,1,2,2,122,At Risk
C0060,2023-07-26,159,2,788.5,2,1,1,211,Others
C0061,2023-09-29,94,4,23298.5,3,3,2,332,Loyal Customers
C0062,2023-12-25,7,2,15337.0,4,1,1,411,Others
C0063,2023-10-05,88,4,28527.5,3,3,2,332,Loyal Customers
C0064,2023-09-19,104,4,86502.5,3,3,4,334,Loyal Customers
C0065,2023-12-10,22,5,166464.5,4,3,4,434,Loyal Customers
C0066,2023-10-05,88,6,144543.0,3,4,4,344,Loyal Customers
C0067,2023-01-15,351,2,0.0,1,1,1,111,Lost
C0068,2023-06-29,186,3,26259.0,2,2,2,222,At Risk
C0069,2023-05-18,228,2,57828.5,2,1,3,213,Others
C0070,2023-07-04,181,5,168953.0,2,3,4,234,Loyal Customers
C0071,2023-02-10,325,1,5784.0,1,1,1,111,Lost
C0072,2023-09-13,110,3,35830.0,3,2,2,322,Others
C0073,2022-08-11,508,2,6140.0,1,1,1,111,Lost
C0074,2023-10-26,67,3,44769.5,3,2,3,323,Others
C0075,2023-10-17,76,3,11112.0,3,2,1,321,Others
C0076,2023-08-09,145,3,29746.5,2,2,2,222,At Risk
C0077,2023-10-23,70,3,58502.5,3,2,3,323,Others
C0079,2023-09-23,100,2,6057.0,3,1,1,311,Others
C0080,2023-09-05,118,4,22153.0,3,3,1,331,Loyal Customers
C0081,2023-01-13,353,5,72732.5,1,3,4,134,Loyal Customers
C0082,2023-12-02,30,3,100777.5,4,2,4,424,Others
C0083,2023-09-06,117,3,28832.0,3,2,2,322,Others
C0085,2023-12-06,26,4,43794.0,4,3,3,433,Loyal Customers
C0086,2023-11-17,45,4,32293.5,4,3,2,432,Loyal Customers
C0087,2023-10-10,83,4,78032.5,3,3,4,334,Loyal Customers
C0088,2023-03-24,283,5,62624.5,1,3,3,133,Loyal Customers
C0089,2023-08-27,127,3,39301.5,3,2,2,322,Others
C0090,2023-05-06,240,3,30771.5,2,2,2,222,At Risk
C0091,2023-01-29,337,5,56852.0,1,3,3,133,Loyal Customers
C0092,2023-08-20,134,3,100765.0,2,2,4,224,At Risk
C0093,2023-12-23,9,3,33851.0,4,2,2,422,Others
C0094,2023-10-26,67,4,17677.0,3,3,1,331,Loyal Customers
C0095,2023-08-26,128,2,48135.0,3,1,3,313,Others
C0096,2023-12-02,30,3,87352.0,4,2,4,424,Others
C0097,2023-03-21,286,2,13017.5,1,1,1,111,Lost
C0098,2023-12-23,9,3,33018.0,4,2,2,422,Others
C0099,2022-11-11,416,1,25480.0,1,1,2,112,Lost
C0100,2023-03-15,292,3,10546.0,1,2,1,121,At Risk
C0101,2023-08-19,135,4,28169.0,2,3,2,232,Loyal Customers
C0102,2023-06-17,198,4,54163.5,2,3,3,233,Loyal Customers
C0103,2023-12-09,23,6,39484.5,4,4,2,442,Loyal Customers
C0104,2023-07-30,155,3,19032.0,2,2,1,221,At Risk
C0105,2023-12-31,1,5,126634.5,4,3,4,434,Loyal Customers
C0106,2023-05-18,228,4,30490.0,2,3,2,232,Loyal Customers
C0107,2023-05-01,245,3,6070.0,2,2,1,221,At Risk
C0108,2022-09-13,475,2,16287.5,1,1,1,111,Lost
C0109,2023-12-06,26,3,59672.0,4,2,3,423,Others
C0110,2023-09-06,117,3,34045.0,3,2,2,322,Others
C0111,2023-12-17,15,5,32053.0,4,3,2,432,Loyal Customers
C0112,2023-12-07,25,3,52660.5,4,2,3,423,Others
C0113,2023-10-13,80,3,92097.0,3,2,4,324,Others
C0114,2023-08-07,147,4,45190.0,2,3,3,233,Loyal Customers
C0115,2023-01-27,339,1,25196.5,1,1,2,112,Lost
C0116,2023-09-08,115,5,52318.0,3,3,3,333,Loyal Customers
C0117,2023-12-04,28,6,21255.0,4,4,1,441,Loyal Customers
C0118,2023-08-30,124,3,64579.0,3,2,3,323,Others
C0119,2023-07-25,160,6,35875.0,2,4,2,242,Loyal Customers
C0120,2023-02-01,334,3,6517.0,1,2,1,121,At Risk
C0121,2022-08-18,501,1,6460.0,1,1,1,111,Lost
C0122,2023-07-18,167,2,12027.0,2,1,1,211,Others
C0123,2023-10-29,64,1,10555.0,3,1,1,311,Others
C0124,2023-12-02,30,5,32685.0,4,3,2,432,Loyal Customers
C0125,2023-08-22,132,3,43193.0,2,2,3,223,At Risk
C0126,2023-07-15,170,6,71292.5,2,4,4,244,Loyal Customers
C0127,2023-03-19,288,2,0.0,1,1,1,111,Lost
C0128,2023-09-21,102,8,179144.0,3,4,4,344,Loyal Customers
C0129,2023-10-04,89,4,46127.5,3,3,3,333,Loyal Customers
C0130,2023-06-21,194,4,74243.5,2,3,4,234,Loyal Customers
C0131,2023-07-08,177,3,35139.0,2,2,2,222,At Risk
C0132,2023-12-12,20,2,51431.5,4,1,3,413,Others
C0133,2023-09-12,111,4,63529.5,3,3,3,333,Loyal Customers
C0134,2023-11-11,51,6,37492.0,4,4,2,442,Loyal Customers
C0135,2023-09-02,121,3,46529.0,3,2,3,323,Others
C0136,2023-09-23,100,4,52903.0,3,3,3,333,Loyal Customers
C0138,2023-02-15,320,5,105774.5,1,3,4,134,Loyal Customers
C0139,2023-10-02,91,3,55770.0,3,2,3,323,Others
C0140,2023-11-09,53,10,135065.5,4,4,4,444,Champions
C0142,2023-06-24,191,2,23040.0,2,1,2,212,Others
C0143,2023-12-03,29,5,70440.5,4,3,3,433,Loyal Customers
C0144,2023-12-13,19,4,50627.5,4,3,3,433,Loyal Customers
C0145,2023-02-17,318,2,24364.5,1,1,2,112,Lost
C0146,2023-12-13,19,7,97509.0,4,4,4,444,Champions
C0147,2023-11-20,42,5,42902.0,4,3,3,433,Loyal Customers
C0148,2023-07-10,175,1,2325.0,2,1,1,211,Others
C0149,2022-11-10,417,3,51425.5,1,2,3,123,At Risk
C0150,2023-11-15,47,4,112524.0,4,3,4,434,Loyal Customers
C0151,2023-12-27,5,4,54642.5,4,3,3,433,Loyal Customers
C0152,2023-10-02,91,2,46214.5,3,1,3,313,Others
C0153,2023-04-01,275,7,175148.0,1,4,4,144,Loyal Customers
C0154,2023-09-03,120,4,68523.5,3,3,3,333,Loyal Customers
C0155,2023-06-27,188,2,35608.0,2,1,2,212,Others
C0156,2023-06-12,203,2,0.0,2,1,1,211,Others
C0158,2023-12-03,29,9,72480.0,4,4,4,444,Champions
C0159,2023-12-13,19,5,6721.0,4,3,1,431,Loyal Customers
C0160,2023-12-13,19,7,81366.5,4,4,4,444,Champions
C0161,2023-10-19,74,4,99840.0,3,3,4,334,Loyal Customers
C0162,2022-01-31,700,1,18230.0,1,1,1,111,Lost
C0163,2023-12-11,21,5,51492.0,4,3,3,433,Loyal Customers
C0164,2023-11-12,50,5,77865.0,4,3,4,434,Loyal Customers
C0165,2023-11-14,48,3,36256.0,4,2,2,422,Others
C0166,2023-10-18,75,6,54149.5,3,4,3,343,Loyal Customers
C0167,2023-10-01,92,6,90254.0,3,4,4,344,Loyal Customers
C0168,2023-12-24,8,6,78235.0,4,4,4,444,Champions
C0169,2023-12-04,28,3,55047.0,4,2,3,423,Others
C0170,2022-05-11,600,1,18738.0,1,1,1,111,Lost
C0171,2023-12-24,8,5,70204.0,4,3,3,433,Loyal Customers
C0172,2023-04-21,255,2,6215.0,2,1,1,211,Others
C0173,2023-12-15,17,7,76440.0,4,4,4,444,Champions
C0174,2022-06-11,569,2,24614.5,1,1,2,112,Lost
C0175,2023-08-04,150,3,29315.0,2,2,2,222,At Risk
C0176,2023-10-14,79,3,56911.5,3,2,3,323,Others
C0177,2023-07-20,165,4,71424.0,2,3,4,234,Loyal Customers
C0178,2023-10-19,74,7,111972.0,3,4,4,344,Loyal Customers
C0179,2023-08-21,133,3,2840.0,2,2,1,221,At Risk
C0180,2023-10-26,67,5,40129.0,3,3,2,332,Loyal Customers
C0181,2023-07-22,163,3,32142.0,2,2,2,222,At Risk
C0182,2023-06-18,197,3,61509.0,2,2,3,223,At Risk
C0183,2023-10-23,70,3,75950.5,3,2,4,324,Others
C0184,2022-10-28,430,3,32386.0,1,2,2,122,At Risk
C0185,2023-05-27,219,3,62297.5,2,2,3,223,At Risk
C0186,2023-11-17,45,2,5438.0,4,1,1,411,Others
C0187,2023-11-13,49,6,84034.5,4,4,4,444,Champions
C0188,2022-06-14,566,1,1180.0,1,1,1,111,Lost
C0189,2023-11-12,50,3,18506.5,4,2,1,421,Others
C0190,2023-09-22,101,5,66237.5,3,3,3,333,Loyal Customers
C0191,2023-12-22,10,8,113357.5,4,4,4,444,Champions
C0192,2022-09-13,475,3,19079.5,1,2,1,121,At Risk
C0193,2022-12-02,395,2,14363.0,1,1,1,111,Lost
C0194,2023-08-07,147,3,40585.0,2,2,2,222,At Risk
C0195,2023-02-28,307,6,13250.0,1,4,1,141,Loyal Customers
C0197,2023-11-30,32,3,79018.0,4,2,4,424,Others
C0198,2023-09-13,110,7,124040.0,3,4,4,344,Loyal Customers
C0199,2022-05-19,592,1,0.0,1,1,1,111,Lost
C0200,2023-10-09,84,3,134854.0,3,2,4,324,Others
C0201,2023-06-05,210,5,14467.0,2,4,1,241,Loyal Customers
C0202,2022-01-03,728,1,3888.0,1,1,1,111,Lost
C0203,2023-05-12,234,5,100285.0,2,4,4,244,Loyal Customers
C0204,2023-12-07,25,6,117427.5,4,4,4,444,Champions
C0205,2023-09-14,109,6,84535.5,3,4,4,344,Loyal Customers
C0206,2023-12-13,19,2,52944.5,4,1,3,413,Others
C0207,2022-10-28,430,6,76784.5,1,4,4,144,Loyal Customers
C0208,2023-04-10,266,4,56469.5,2,3,3,233,Loyal Customers
C0209,2022-03-14,658,1,6400.0,1,1,1,111,Lost
C0210,2022-08-10,509,3,59722.5,1,2,3,123,At Risk
C0211,2023-12-07,25,7,95399.5,4,4,4,444,Champions
C0212,2023-03-29,278,3,57570.5,1,2,3,123,At Risk
C0213,2023-07-26,159,4,4486.0,2,3,1,231,Loyal Customers
C0214,2023-09-20,103,2,12171.5,3,1,1,311,Others
C0215,2023-03-22,285,7,106152.5,1,4,4,144,Loyal Customers
C0216,2023-06-30,185,2,6928.0,2,1,1,211,Others
C0217,2023-11-01,61,3,76438.5,3,2,4,324,Others
C0218,2022-10-03,455,1,10684.5,1,1,1,111,Lost
C0219,2023-11-21,41,5,104104.0,4,4,4,444,Champions
C0220,2023-09-27,96,2,20755.0,3,1,1,311,Others
C0221,2023-10-17,76,3,36489.0,3,2,2,322,Others
C0222,2023-08-04,150,7,106419.0,2,4,4,244,Loyal Customers
C0223,2023-12-31,1,5,36969.0,4,4,2,442,Loyal Customers
C0224,2023-02-02,333,7,130755.5,1,4,4,144,Loyal Customers
C0225,2023-03-09,298,7,60462.5,1,4,3,143,Loyal Customers
C0226,2023-01-30,336,4,31316.0,1,3,2,132,Loyal Customers
C0227,2023-11-04,58,3,81635.0,3,2,4,324,Others
C0228,2023-09-16,107,4,43444.0,3,3,3,333,Loyal Customers
C0229,2023-10-11,82,5,103612.0,3,4,4,344,Loyal Customers
C0230,2023-10-07,86,4,60307.0,3,3,3,333,Loyal Customers
C0231,2023-06-20,195,4,76169.0,2,3,4,234,Loyal Customers
C0232,2023-09-26,97,2,36742.0,3,1,2,312,Others
C0233,2022-08-26,493,1,23724.0,1,1,2,112,Lost
C0234,2023-05-05,241,3,47798.0,2,2,3,223,At Risk
C0235,2024-01-01,0,4,112050.0,4,3,4,434,Loyal Customers
C0236,2023-01-10,356,2,46479.5,1,1,3,113,Lost
C0237,2023-04-12,264,3,4150.0,2,2,1,221,At Risk
C0238,2023-11-08,54,5,47694.0,4,4,3,443,Loyal Customers
C0239,2023-08-09,145,2,3540.0,2,1,1,211,Others
C0240,2023-09-14,109,4,30469.5,3,3,2,332,Loyal Customers
C0241,2023-12-17,15,5,42428.5,4,4,2,442,Loyal Customers
C0242,2023-09-25,98,7,224419.5,3,4,4,344,Loyal Customers
C0243,2022-02-12,688,2,228.0,1,1,1,111,Lost
C0244,2023-12-11,21,5,107360.5,4,4,4,444,Champions
C0245,2023-06-11,204,4,63393.5,2,3,3,233,Loyal Customers
C0246,2023-10-22,71,4,29931.0,3,3,2,332,Loyal Customers
C0247,2023-11-11,51,6,40135.0,4,4,2,442,Loyal Customers
C0248,2023-12-31,1,3,23370.0,4,2,2,422,Others
C0249,2023-11-12,50,3,26229.5,4,2,2,422,Others
C0250,2022-08-05,514,1,25065.0,1,1,2,112,Lost
C0251,2023-12-02,30,9,220973.0,4,4,4,444,Champions
C0252,2023-01-25,341,3,109834.0,1,2,4,124,At Risk
C0253,2023-11-16,46,2,32640.0,4,1,2,412,Others
C0254,2022-08-09,510,2,11730.0,1,1,1,111,Lost
C0255,2023-08-06,148,1,46480.0,2,1,3,213,Others
C0256,2023-07-10,175,2,42610.0,2,1,2,212,Others
C0257,2023-02-25,310,2,51917.0,1,1,3,113,Lost
C0258,2022-07-17,533,3,41147.5,1,2,2,122,At Risk
C0259,2023-11-29,33,3,10322.5,4,2,1,421,Others
C0260,2023-09-07,116,2,18972.0,3,1,1,311,Others
C0261,2023-07-18,167,2,17709.0,2,1,1,211,Others
C0262,2023-11-02,60,4,44225.0,3,3,3,333,Loyal Customers
C0263,2022-06-20,560,1,0.0,1,1,1,111,Lost
C0264,2022-05-03,608,1,40902.0,1,1,2,112,Lost
C0265,2023-09-26,97,1,0.0,3,1,1,311,Others
C0266,2023-12-14,18,5,98287.5,4,4,4,444,Champions
C0267,2023-04-23,253,5,14500.5,2,4,1,241,Loyal Customers
C0268,2023-09-29,94,2,6477.5,3,1,1,311,Others
C0269,2023-11-20,42,3,0.0,4,2,1,421,Others
C0270,2023-10-11,82,3,31577.5,3,2,2,322,Others
C0271,2023-11-13,49,3,31300.0,4,2,2,422,Others
C0272,2023-10-21,72,3,35806.5,3,2,2,322,Others
C0273,2023-07-02,183,5,150269.5,2,4,4,244,Loyal Customers
C0274,2023-08-31,123,2,5996.0,3,1,1,311,Others
C0275,2023-11-28,34,3,52012.0,4,2,3,423,Others
C0276,2023-11-30,32,5,45667.5,4,4,3,443,Loyal Customers
C0278,2023-04-21,255,2,33027.5,2,1,2,212,Others
C0279,2023-02-11,324,3,10395.0,1,2,1,121,At Risk
C0280,2023-12-02,30,8,105946.5,4,4,4,444,Champions
C0281,2023-07-29,156,5,77581.5,2,4,4,244,Loyal Customers
C0282,2023-09-01,122,6,145496.0,3,4,4,344,Loyal Customers
C0283,2022-08-06,513,2,33465.0,1,1,2,112,Lost
C0284,2023-12-14,18,5,79186.5,4,4,4,444,Champions
C0285,2023-10-20,73,4,53877.0,3,3,3,333,Loyal Customers
C0286,2022-12-04,393,2,60012.5,1,1,3,113,Lost
C0287,2023-03-19,288,6,91430.5,1,4,4,144,Loyal Customers
C0288,2023-02-05,330,1,21945.0,1,1,1,111,Lost
C0289,2023-12-12,20,3,99919.0,4,2,4,424,Others
C0290,2023-12-04,28,5,15693.5,4,4,1,441,Loyal Customers
C0291,2023-10-28,65,5,18854.5,3,4,1,341,Loyal Customers
C0292,2023-10-01,92,6,63109.5,3,4,3,343,Loyal Customers
C0293,2023-04-29,247,1,15651.0,2,1,1,211,Others
C0294,2023-05-12,234,6,139750.0,2,4,4,244,Loyal Customers
C0295,2023-12-31,1,3,62879.0,4,2,3,423,Others
C0297,2023-08-20,134,5,130494.0,2,4,4,244,Loyal Customers
C0298,2023-12-25,7,2,12697.5,4,1,1,411,Others
C0299,2022-11-19,408,1,38476.0,1,1,2,112,Lost
C0300,2023-06-13,202,3,18896.5,2,2,1,221,At Risk
C0301,2023-09-14,109,3,41312.5,3,2,2,322,Others
C0302,2023-07-22,163,4,101889.5,2,3,4,234,Loyal Customers
C0303,2023-12-29,3,7,76670.0,4,4,4,444,Champions
C0304,2022-07-26,524,3,58911.0,1,2,3,123,At Risk
C0305,2023-01-11,355,2,8372.5,1,1,1,111,Lost
C0306,2022-10-02,456,4,64211.0,1,3,3,133,Loyal Customers
C0307,2023-05-10,236,4,36846.0,2,3,2,232,Loyal Customers
C0308,2023-08-06,148,6,91284.5,2,4,4,244,Loyal Customers
C0309,2022-04-13,628,3,53963.5,1,2,3,123,At Risk
C0310,2023-12-28,4,3,9464.0,4,2,1,421,Others
C0311,2023-05-28,218,5,87260.0,2,4,4,244,Loyal Customers
C0312,2023-05-21,225,3,107584.0,2,2,4,224,At Risk
C0313,2023-07-21,164,2,17802.0,2,1,1,211,Others
C0314,2023-04-10,266,2,10035.0,2,1,1,211,Others
C0315,2023-03-01,306,5,100157.0,1,4,4,144,Loyal Customers
C0316,2023-03-12,295,2,30840.5,1,1,2,112,Lost
C0317,2023-10-03,90,5,50612.5,3,4,3,343,Loyal Customers
C0318,2023-07-18,167,4,18826.5,2,3,1,231,Loyal Customers
C0319,2022-12-30,367,4,21290.5,1,3,1,131,Loyal Customers
C0320,2023-09-20,103,4,39938.5,3,3,2,332,Loyal Customers
C0321,2023-12-15,17,7,57074.5,4,4,3,443,Loyal Customers
C0322,2023-01-12,354,1,16260.0,1,1,1,111,Lost
C0323,2022-07-20,530,1,14920.0,1,1,1,111,Lost
C0325,2023-04-25,251,6,73707.0,2,4,4,244,Loyal Customers
C0326,2023-11-29,33,7,184646.0,4,4,4,444,Champions
C0327,2023-05-22,224,3,14390.5,2,2,1,221,At Risk
C0328,2023-10-19,74,6,85565.5,3,4,4,344,Loyal Customers
C0329,2023-10-03,90,3,10039.5,3,2,1,321,Others
C0330,2023-10-09,84,6,190743.5,3,4,4,344,Loyal Customers
C0331,2023-12-22,10,6,100535.0,4,4,4,444,Champions
C0332,2023-06-05,210,4,39854.5,2,3,2,232,Loyal Customers
C0333,2023-08-06,148,6,125565.0,2,4,4,244,Loyal Customers
C0334,2023-11-13,49,3,60296.0,4,2,3,423,Others
C0335,2022-10-19,439,4,47883.0,1,3,3,133,Loyal Customers
C0336,2023-08-05,149,7,107752.5,2,4,4,244,Loyal Customers
C0337,2023-07-09,176,3,53436.5,2,2,3,223,At Risk
C0338,2023-12-06,26,5,94568.5,4,4,4,444,Champions
C0339,2022-03-09,663,2,23240.0,1,1,2,112,Lost
C0340,2022-09-10,478,5,45020.0,1,4,3,143,Loyal Customers
C0341,2022-06-29,551,1,663.0,1,1,1,111,Lost
C0342,2022-12-27,370,3,14901.5,1,2,1,121,At Risk
C0343,2022-12-06,391,4,35072.5,1,3,2,132,Loyal Customers
C0344,2023-02-26,309,3,133047.5,1,2,4,124,At Risk
C0345,2023-03-13,294,7,61766.5,1,4,3,143,Loyal Customers
C0346,2023-11-23,39,3,23038.5,4,2,2,422,Others
C0347,2022-12-29,368,3,44217.0,1,2,3,123,At Risk
C0348,2023-07-22,163,8,191801.5,2,4,4,244,Loyal Customers
C0349,2022-11-24,403,4,74100.0,1,3,4,134,Loyal Customers
C0350,2023-12-13,19,6,129310.0,4,4,4,444,Champions
C0351,2023-10-16,77,5,121988.5,3,4,4,344,Loyal Customers
C0352,2023-10-23,70,4,49220.0,3,3,3,333,Loyal Customers
C0353,2022-09-18,470,2,20480.0,1,1,1,111,Lost
C0354,2022-03-27,645,2,23932.0,1,1,2,112,Lost
C0356,2023-04-08,268,3,22790.5,1,2,2,122,At Risk
C0357,2023-10-30,63,3,80108.0,3,2,4,324,Others
C0358,2023-12-25,7,4,82793.5,4,3,4,434,Loyal Customers
C0359,2023-11-08,54,2,36952.0,4,1,2,412,Others
C0360,2023-12-28,4,4,27105.5,4,3,2,432,Loyal Customers
C0361,2023-07-10,175,5,36098.0,2,4,2,242,Loyal Customers
C0362,2023-08-23,131,2,49748.0,2,1,3,213,Others
C0363,2023-09-07,116,4,93076.5,3,3,4,334,Loyal Customers
C0364,2023-12-11,21,5,84238.0,4,4,4,444,Champions
C0365,2023-05-01,245,3,72908.0,2,2,4,224,At Risk
C0366,2023-08-14,140,4,64628.5,2,3,3,233,Loyal Customers
C0367,2023-05-07,239,5,59428.5,2,4,3,243,Loyal Customers
C0368,2023-06-06,209,3,21009.0,2,2,1,221,At Risk
C0369,2023-08-21,133,4,54075.0,2,3,3,233,Loyal Customers
C0370,2023-06-23,192,2,33734.0,2,1,2,212,Others
C0371,2023-11-07,55,8,148712.5,3,4,4,344,Loyal Customers
C0373,2023-06-01,214,4,47581.5,2,3,3,233,Loyal Customers
C0374,2023-10-16,77,5,60109.5,3,4,3,343,Loyal Customers
C0375,2023-09-21,102,3,37049.5,3,2,2,322,Others
C0376,2023-02-27,308,2,5151.0,1,1,1,111,Lost
C0377,2023-03-01,306,1,5253.0,1,1,1,111,Lost
C0378,2023-02-18,317,4,61392.5,1,3,3,133,Loyal Customers
C0379,2023-06-29,186,2,15957.0,2,1,1,211,Others
C0380,2023-02-12,323,3,33572.5,1,2,2,122,At Risk
C0381,2023-11-29,33,1,0.0,4,1,1,411,Others
C0382,2023-03-21,286,3,58790.0,1,2,3,123,At Risk
C0383,2023-09-26,97,3,62849.5,3,2,3,323,Others
C0384,2022-09-09,479,1,17955.0,1,1,1,111,Lost
C0385,2022-08-14,505,3,9540.0,1,2,1,121,At Risk
C0386,2023-04-17,259,5,57214.0,2,4,3,243,Loyal Customers
C0387,2023-12-04,28,3,43426.0,4,2,3,423,Others
C0388,2023-12-14,18,6,54955.5,4,4,3,443,Loyal Customers
C0389,2023-04-09,267,4,62715.0,1,3,3,133,Loyal Customers
C0390,2023-12-07,25,3,26438.5,4,2,2,422,Others
C0391,2023-12-15,17,5,104950.5,4,4,4,444,Champions
C0392,2022-12-28,369,2,32620.0,1,1,2,112,Lost
C0393,2023-08-18,136,4,104293.5,2,3,4,234,Loyal Customers
C0394,2023-03-31,276,4,43703.5,1,3,3,133,Loyal Customers
C0395,2023-12-09,23,3,8239.0,4,2,1,421,Others
C0396,2023-08-05,149,4,41938.5,2,3,2,232,Loyal Customers
C0397,2023-05-08,238,5,51437.0,2,4,3,243,Loyal Customers
C0398,2022-01-10,721,1,27867.5,1,1,2,112,Lost
C0399,2023-08-09,145,5,65510.0,2,4,3,243,Loyal Customers
C0400,2023-12-08,24,2,61173.5,4,1,3,413,Others
C0401,2023-01-25,341,2,19584.0,1,1,1,111,Lost
C0402,2023-02-07,328,4,22857.0,1,3,2,132,Loyal Customers
C0403,2023-09-22,101,3,73287.0,3,2,4,324,Others
C0404,2023-07-01,184,3,19182.0,2,2,1,221,At Risk
C0405,2023-10-28,65,2,46519.0,3,1,3,313,Others
C0406,2022-11-10,417,2,2211.5,1,1,1,111,Lost
C0407,2023-06-27,188,5,92819.0,2,4,4,244,Loyal Customers
C0408,2023-12-25,7,5,70740.0,4,4,4,444,Champions
C0410,2023-11-19,43,8,110532.0,4,4,4,444,Champions
C0411,2023-09-25,98,5,132097.0,3,4,4,344,Loyal Customers
C0412,2023-07-01,184,5,16050.0,2,4,1,241,Loyal Customers
C0413,2023-08-26,128,2,22825.0,3,1,2,312,Others
C0414,2023-10-03,90,2,18206.0,3,1,1,311,Others
C0415,2023-02-19,316,3,15768.0,1,2,1,121,At Risk
C0416,2023-12-19,13,3,22526.0,4,2,2,422,Others
C0417,2023-12-26,6,7,65726.5,4,4,3,443,Loyal Customers
C0418,2023-06-22,193,6,121424.0,2,4,4,244,Loyal Customers
C0419,2023-12-26,6,3,3546.0,4,2,1,421,Others
C0420,2023-07-11,174,5,48898.5,2,4,3,243,Loyal Customers
C0421,2023-12-28,4,3,55412.0,4,2,3,423,Others
C0422,2023-04-30,246,2,19469.5,2,1,1,211,Others
C0423,2023-10-08,85,3,103476.0,3,2,4,324,Others
C0424,2023-11-05,57,6,166632.5,3,4,4,344,Loyal Customers
C0425,2023-09-30,93,1,0.0,3,1,1,311,Others
C0426,2023-12-22,10,4,115323.0,4,3,4,434,Loyal Customers
C0427,2023-11-15,47,6,85274.0,4,4,4,444,Champions
C0428,2023-12-10,22,2,27601.0,4,1,2,412,Others
C0429,2023-12-25,7,8,133210.0,4,4,4,444,Champions
C0430,2023-05-14,232,4,190378.0,2,3,4,234,Loyal Customers
C0431,2023-06-27,188,1,17198.0,2,1,1,211,Others
C0432,2023-11-09,53,7,118242.0,4,4,4,444,Champions
C0433,2023-05-23,223,5,66206.5,2,4,3,243,Loyal Customers
C0434,2023-11-05,57,4,24672.0,3,3,2,332,Loyal Customers
C0435,2023-09-20,103,2,7676.0,3,1,1,311,Others
C0436,2023-12-04,28,3,22876.0,4,2,2,422,Others
C0437,2023-12-22,10,6,63188.5,4,4,3,443,Loyal Customers
C0439,2023-12-05,27,4,51540.0,4,3,3,433,Loyal Customers
C0440,2023-04-24,252,2,15762.5,2,1,1,211,Others
C0441,2023-04-06,270,7,79600.5,1,4,4,144,Loyal Customers
C0442,2023-01-22,344,3,51548.5,1,2,3,123,At Risk
C0443,2022-11-30,397,3,32714.0,1,2,2,122,At Risk
C0444,2023-12-04,28,3,49596.5,4,2,3,423,Others
C0445,2023-11-08,54,4,48435.0,4,3,3,433,Loyal Customers
C0446,2023-06-04,211,4,103967.5,2,3,4,234,Loyal Customers
C0447,2023-09-23,100,3,33357.0,3,2,2,322,Others
C0448,2023-09-27,96,3,29075.0,3,2,2,322,Others
C0449,2023-11-05,57,5,90149.5,3,4,4,344,Loyal Customers
C0450,2023-09-24,99,2,22865.0,3,1,2,312,Others
C0451,2022-10-08,450,1,0.0,1,1,1,111,Lost
C0452,2023-06-08,207,5,62936.0,2,4,3,243,Loyal Customers
C0453,2023-12-15,17,1,20475.5,4,1,1,411,Others
C0454,2022-07-09,541,3,24588.0,1,2,2,122,At Risk
C0455,2024-01-01,0,5,49372.5,4,4,3,443,Loyal Customers
C0456,2023-03-21,286,3,18224.0,1,2,1,121,At Risk
C0457,2023-12-23,9,4,75940.5,4,3,4,434,Loyal Customers
C0458,2023-08-04,150,4,21757.0,2,3,1,231,Loyal Customers
C0459,2023-02-24,311,5,68484.5,1,4,3,143,Loyal Customers
C0460,2023-10-13,80,6,67511.0,3,4,3,343,Loyal Customers
C0462,2023-12-01,31,6,52433.0,4,4,3,443,Loyal Customers
C0463,2023-09-28,95,4,60217.0,3,3,3,333,Loyal Customers
C0464,2023-05-25,221,3,69762.5,2,2,3,223,At Risk
C0465,2023-11-11,51,1,0.0,4,1,1,411,Others
C0466,2023-12-02,30,3,40960.0,4,2,2,422,Others
C0467,2022-11-14,413,2,40100.0,1,1,2,112,Lost
C0468,2023-11-11,51,2,42589.0,4,1,2,412,Others
C0469,2023-06-23,192,5,124863.0,2,4,4,244,Loyal Customers
C0470,2022-08-14,505,3,8806.5,1,2,1,121,At Risk
C0471,2023-02-16,319,4,59649.0,1,3,3,133,Loyal Customers
C0472,2023-09-25,98,4,50985.5,3,3,3,333,Loyal Customers
C0473,2022-06-14,566,4,40362.0,1,3,2,132,Loyal Customers
C0474,2023-12-31,1,3,11970.0,4,2,1,421,Others
C0475,2023-03-11,296,4,40482.0,1,3,2,132,Loyal Customers
C0476,2023-10-04,89,3,35571.0,3,2,2,322,Others
C0477,2023-04-18,258,4,78110.0,2,3,4,234,Loyal Customers
C0478,2023-11-08,54,3,16120.0,4,2,1,421,Others
C0479,2023-05-23,223,3,42877.0,2,2,3,223,At Risk
C0480,2023-12-19,13,5,88677.5,4,4,4,444,Champions
C0481,2023-12-31,1,3,38900.0,4,2,2,422,Others
C0482,2023-05-03,243,6,44424.0,2,4,3,243,Loyal Customers
C0483,2022-09-27,461,4,40795.0,1,3,2,132,Loyal Customers
C0484,2023-11-07,55,5,40355.0,3,4,2,342,Loyal Customers
C0485,2023-07-29,156,5,88407.5,2,4,4,244,Loyal Customers
C0486,2023-01-23,343,3,48155.0,1,2,3,123,At Risk
C0487,2023-12-14,18,3,16532.0,4,2,1,421,Others
C0488,2023-11-14,48,5,38713.0,4,4,2,442,Loyal Customers
C0489,2023-07-15,170,2,22203.0,2,1,1,211,Others
C0490,2022-05-11,600,1,7480.0,1,1,1,111,Lost
C0491,2023-10-09,84,5,67456.5,3,4,3,343,Loyal Customers
C0492,2023-11-17,45,4,23573.0,4,3,2,432,Loyal Customers
C0493,2023-12-30,2,2,13734.0,4,1,1,411,Others
C0495,2023-12-13,19,4,82879.0,4,3,4,434,Loyal Customers
C0496,2022-06-18,562,3,31078.5,1,2,2,122,At Risk
C0498,2023-09-05,118,5,48163.0,3,4,3,343,Loyal Customers
C0499,2023-11-16,46,5,64698.5,4,4,3,443,Loyal Customers
C0500,2023-12-27,5,3,87578.0,4,2,4,424,Others
C0501,2023-12-12,20,5,46079.5,4,4,3,443,Loyal Customers
C0502,2023-09-20,103,2,4063.0,3,1,1,311,Others
C0503,2023-02-24,311,3,13988.5,1,2,1,121,At Risk
C0504,2023-03-18,289,3,24682.0,1,2,2,122,At Risk
C0505,2023-12-25,7,7,93873.5,4,4,4,444,Champions
C0506,2023-08-30,124,3,55630.0,3,2,3,323,Others
C0507,2023-12-03,29,5,45946.0,4,4,3,443,Loyal Customers
C0508,2023-05-06,240,6,39129.5,2,4,2,242,Loyal Customers
C0509,2023-05-17,229,4,60798.0,2,3,3,233,Loyal Customers
C0510,2023-08-29,125,3,53669.0,3,2,3,323,Others
C0511,2023-10-14,79,7,78700.0,3,4,4,344,Loyal Customers
C0512,2023-11-28,34,4,49779.0,4,3,3,433,Loyal Customers
C0513,2023-12-22,10,4,74149.0,4,3,4,434,Loyal Customers
C0514,2023-07-12,173,4,41650.5,2,3,2,232,Loyal Customers
C0515,2023-06-16,199,4,60190.0,2,3,3,233,Loyal Customers
C0516,2023-08-20,134,5,103588.0,2,4,4,244,Loyal Customers
C0517,2023-01-09,357,4,25146.0,1,3,2,132,Loyal Customers
C0518,2023-11-12,50,5,99160.0,4,4,4,444,Champions
C0519,2022-11-18,409,1,0.0,1,1,1,111,Lost
C0520,2023-11-07,55,5,83578.5,3,4,4,344,Loyal Customers
C0521,2023-01-15,351,2,34447.0,1,1,2,112,Lost
C0522,2023-12-28,4,2,0.0,4,1,1,411,Others
C0523,2022-10-24,434,2,25065.0,1,1,2,112,Lost
C0524,2023-04-23,253,1,24129.0,2,1,2,212,Others
C0525,2023-08-25,129,2,12990.0,3,1,1,311,Others
C0526,2023-10-13,80,4,27914.5,3,3,2,332,Loyal Customers
C0527,2022-12-18,379,3,68150.5,1,2,3,123,At Risk
C0528,2023-10-24,69,4,136200.0,3,3,4,334,Loyal Customers
C0529,2023-09-16,107,3,71823.5,3,2,4,324,Others
C0530,2023-10-25,68,4,25372.5,3,3,2,332,Loyal Customers
C0531,2023-06-22,193,2,30515.0,2,1,2,212,Others
C0532,2023-10-08,85,5,81635.5,3,4,4,344,Loyal Customers
C0533,2023-07-08,177,4,100612.5,2,3,4,234,Loyal Customers
C0534,2022-11-15,412,2,39680.0,1,1,2,112,Lost
C0536,2023-03-14,293,6,66994.0,1,4,3,143,Loyal Customers
C0537,2023-02-22,313,3,11030.0,1,2,1,121,At Risk
C0538,2023-05-31,215,3,76543.0,2,2,4,224,At Risk
C0539,2022-10-03,455,1,3960.0,1,1,1,111,Lost
C0540,2023-10-20,73,4,42614.0,3,3,3,333,Loyal Customers
C0541,2023-06-14,201,2,82732.5,2,1,4,214,Others
C0542,2023-07-08,177,2,54757.5,2,1,3,213,Others
C0544,2023-08-18,136,4,36323.0,2,3,2,232,Loyal Customers
C0546,2023-11-08,54,5,47885.0,4,4,3,443,Loyal Customers
C0547,2023-12-16,16,4,46443.5,4,3,3,433,Loyal Customers
C0548,2023-09-29,94,6,72432.0,3,4,4,344,Loyal Customers
C0549,2023-06-30,185,3,30169.0,2,2,2,222,At Risk
C0550,2023-04-28,248,4,79942.0,2,3,4,234,Loyal Customers
C0551,2022-12-16,381,2,7752.0,1,1,1,111,Lost
C0552,2023-07-20,165,3,87532.5,2,2,4,224,At Risk
C0553,2023-04-29,247,3,21232.5,2,2,1,221,At Risk
C0554,2023-10-02,91,3,48572.0,3,2,3,323,Others
C0555,2023-09-06,117,3,63515.0,3,2,3,323,Others
C0556,2023-07-14,171,2,40940.0,2,1,2,212,Others
C0558,2023-09-09,114,4,72051.0,3,3,4,334,Loyal Customers
C0560,2023-11-08,54,7,93471.5,4,4,4,444,Champions
C0561,2023-08-05,149,3,32190.0,2,2,2,222,At Risk
C0563,2022-12-28,369,3,52262.5,1,2,3,123,At Risk
C0564,2023-12-26,6,2,57485.0,4,1,3,413,Others
C0565,2023-12-20,12,3,20677.5,4,2,1,421,Others
C0566,2022-10-12,446,4,152363.0,1,3,4,134,Loyal Customers
C0567,2023-12-07,25,1,41195.0,4,1,2,412,Others
C0568,2023-02-22,313,2,8984.0,1,1,1,111,Lost
C0569,2023-10-24,69,1,5420.0,3,1,1,311,Others
C0570,2023-10-28,65,5,53380.0,3,4,3,343,Loyal Customers
C0571,2023-12-03,29,4,26008.0,4,3,2,432,Loyal Customers
C0572,2023-04-30,246,5,82250.0,2,4,4,244,Loyal Customers
C0573,2023-10-19,74,5,91478.0,3,4,4,344,Loyal Customers
C0574,2023-10-15,78,2,74646.0,3,1,4,314,Others
C0575,2023-09-04,119,2,25742.0,3,1,2,312,Others
C0576,2023-10-04,89,4,62970.0,3,3,3,333,Loyal Customers
C0577,2023-12-01,31,1,0.0,4,1,1,411,Others
C0578,2023-11-05,57,2,20846.5,3,1,1,311,Others
C0579,2023-11-26,36,7,119797.0,4,4,4,444,Champions
C0580,2023-11-21,41,4,48472.0,4,3,3,433,Loyal Customers
C0581,2023-10-25,68,6,164759.0,3,4,4,344,Loyal Customers
C0582,2022-12-16,381,1,0.0,1,1,1,111,Lost
C0583,2023-12-08,24,7,37129.0,4,4,2,442,Loyal Customers
C0584,2022-10-23,435,3,76803.5,1,2,4,124,At Risk
C0585,2022-09-30,458,2,17326.5,1,1,1,111,Lost
C0586,2023-10-07,86,5,36941.5,3,4,2,342,Loyal Customers
C0587,2023-12-24,8,5,69704.0,4,4,3,443,Loyal Customers
C0588,2023-06-20,195,7,51423.0,2,4,3,243,Loyal Customers
C0589,2023-12-21,11,3,65719.5,4,2,3,423,Others
C0590,2023-10-20,73,4,38148.0,3,3,2,332,Loyal Customers
C0591,2023-07-26,159,2,41244.0,2,1,2,212,Others
C0592,2022-11-16,411,1,33600.0,1,1,2,112,Lost
C0593,2023-04-07,269,1,24570.5,1,1,2,112,Lost
C0594,2023-09-15,108,3,58688.0,3,2,3,323,Others
C0595,2023-11-06,56,4,25543.0,3,3,2,332,Loyal Customers
C0596,2023-10-18,75,3,6021.5,3,2,1,321,Others
C0597,2023-02-28,307,5,72666.5,1,4,4,144,Loyal Customers
C0598,2023-04-03,273,2,30900.5,1,1,2,112,Lost
C0599,2023-03-23,284,5,29308.5,1,4,2,142,Loyal Customers
C0600,2023-06-07,208,3,56989.0,2,2,3,223,At Risk
C0601,2023-04-11,265,2,27470.0,2,1,2,212,Others
C0602,2023-09-11,112,4,15915.5,3,3,1,331,Loyal Customers
C0604,2023-07-09,176,1,11747.0,2,1,1,211,Others
C0605,2023-02-28,307,2,16860.0,1,1,1,111,Lost
C0606,2022-11-25,402,2,52985.0,1,1,3,113,Lost
C0607,2023-09-03,120,4,146667.0,3,3,4,334,Loyal Customers
C0608,2023-07-23,162,4,24576.0,2,3,2,232,Loyal Customers
C0609,2023-04-03,273,3,0.0,1,2,1,121,At Risk
C0610,2023-04-02,274,1,21470.0,1,1,1,111,Lost
C0611,2023-04-06,270,2,44068.0,1,1,3,113,Lost
C0612,2023-12-09,23,3,40123.0,4,2,2,422,Others
C0613,2023-01-01,365,3,45301.5,1,2,3,123,At Risk
C0614,2023-11-05,57,8,81761.0,3,4,4,344,Loyal Customers
C0616,2023-12-04,28,4,21225.5,4,3,1,431,Loyal Customers
C0617,2023-07-20,165,3,40671.0,2,2,2,222,At Risk
C0618,2022-09-30,458,2,41635.0,1,1,2,112,Lost
C0619,2023-12-30,2,3,1476.0,4,2,1,421,Others
C0620,2023-12-25,7,12,226615.0,4,4,4,444,Champions
C0621,2023-08-04,150,3,28124.0,2,2,2,222,At Risk
C0622,2023-09-09,114,3,22085.5,3,2,1,321,Others
C0623,2023-01-26,340,3,38360.5,1,2,2,122,At Risk
C0624,2023-11-25,37,5,50733.5,4,4,3,443,Loyal Customers
C0625,2023-01-30,336,3,32417.5,1,2,2,122,At Risk
C0626,2023-09-20,103,4,62484.0,3,3,3,333,Loyal Customers
C0627,2023-10-26,67,6,113957.5,3,4,4,344,Loyal Customers
C0628,2023-08-13,141,5,91579.5,2,4,4,244,Loyal Customers
C0629,2023-10-21,72,3,19981.5,3,2,1,321,Others
C0630,2024-01-01,0,2,63542.0,4,1,3,413,Others
C0631,2023-04-18,258,1,4950.0,2,1,1,211,Others
C0632,2023-07-24,161,4,31110.0,2,3,2,232,Loyal Customers
C0633,2023-09-10,113,3,4607.0,3,2,1,321,Others
C0634,2023-05-31,215,1,11309.0,2,1,1,211,Others
C0635,2023-03-17,290,2,33165.0,1,1,2,112,Lost
C0636,2023-10-15,78,2,9024.5,3,1,1,311,Others
C0637,2023-05-25,221,2,13996.5,2,1,1,211,Others
C0638,2023-05-04,242,4,87648.5,2,3,4,234,Loyal Customers
C0639,2023-10-04,89,5,72334.5,3,4,4,344,Loyal Customers
C0640,2023-12-01,31,2,0.0,4,1,1,411,Others
C0641,2023-01-27,339,2,44391.0,1,1,3,113,Lost
C0642,2023-11-19,43,5,40683.5,4,4,2,442,Loyal Customers
C0643,2023-11-18,44,3,19066.0,4,2,1,421,Others
C0644,2023-10-18,75,9,144358.0,3,4,4,344,Loyal Customers
C0645,2023-12-28,4,5,34666.0,4,4,2,442,Loyal Customers
C0646,2022-11-04,423,2,16442.5,1,1,1,111,Lost
C0647,2023-12-25,7,3,42146.0,4,2,2,422,Others
C0648,2023-03-14,293,2,28632.0,1,1,2,112,Lost
C0649,2023-01-29,337,4,30647.5,1,3,2,132,Loyal Customers
C0650,2022-03-23,649,2,7051.5,1,1,1,111,Lost
C0651,2023-07-06,179,2,32082.0,2,1,2,212,Others
C0652,2023-09-28,95,3,73395.0,3,2,4,324,Others
C0653,2023-08-13,141,3,55913.5,2,2,3,223,At Risk
C0654,2023-10-07,86,4,86367.0,3,3,4,334,Loyal Customers
C0655,2023-08-16,138,5,37257.5,2,4,2,242,Loyal Customers
C0656,2022-10-20,438,1,34140.0,1,1,2,112,Lost
C0657,2023-11-07,55,6,95147.5,3,4,4,344,Loyal Customers
C0658,2023-10-14,79,4,64970.0,3,3,3,333,Loyal Customers
C0659,2023-12-18,14,3,50190.0,4,2,3,423,Others
C0660,2023-09-03,120,3,48108.0,3,2,3,323,Others
C0661,2023-09-13,110,5,44364.0,3,4,3,343,Loyal Customers
C0662,2022-06-14,566,2,427.5,1,1,1,111,Lost
C0663,2022-01-20,711,1,660.0,1,1,1,111,Lost
C0664,2023-04-13,263,1,0.0,2,1,1,211,Others
C0665,2023-12-27,5,3,47029.0,4,2,3,423,Others
C0666,2022-06-05,575,1,40670.0,1,1,2,112,Lost
C0667,2023-08-25,129,1,22260.0,3,1,2,312,Others
C0668,2023-04-24,252,3,50727.5,2,2,3,223,At Risk
C0669,2023-01-22,344,2,67511.0,1,1,3,113,Lost
C0670,2023-02-23,312,3,50179.0,1,2,3,123,At Risk
C0671,2023-07-10,175,3,26489.5,2,2,2,222,At Risk
C0672,2023-05-04,242,3,18709.0,2,2,1,221,At Risk
C0673,2022-07-22,528,2,0.0,1,1,1,111,Lost
C0674,2023-08-23,131,5,60526.0,2,4,3,243,Loyal Customers
C0675,2023-07-01,184,3,26653.5,2,2,2,222,At Risk
C0676,2023-07-14,171,4,76730.0,2,3,4,234,Loyal Customers
C0677,2023-09-26,97,6,60812.0,3,4,3,343,Loyal Customers
C0678,2023-06-19,196,5,49007.5,2,4,3,243,Loyal Customers
C0679,2023-11-17,45,5,36868.0,4,4,2,442,Loyal Customers
C0680,2023-09-09,114,6,147977.0,3,4,4,344,Loyal Customers
C0681,2023-10-01,92,4,128857.0,3,3,4,334,Loyal Customers
C0682,2023-02-13,322,2,0.0,1,1,1,111,Lost
C0683,2023-08-09,145,3,25338.0,2,2,2,222,At Risk
C0684,2023-06-11,204,5,94861.5,2,4,4,244,Loyal Customers
C0685,2023-01-27,339,4,121410.0,1,3,4,134,Loyal Customers
C0686,2023-10-27,66,3,24468.5,3,2,2,322,Others
C0687,2022-08-10,509,2,2422.5,1,1,1,111,Lost
C0688,2023-12-31,1,6,74136.5,4,4,4,444,Champions
C0689,2023-07-24,161,4,21818.5,2,3,1,231,Loyal Customers
C0690,2023-05-25,221,2,18663.5,2,1,1,211,Others
C0691,2023-08-28,126,3,45444.0,3,2,3,323,Others
C0692,2022-12-04,393,2,38480.0,1,1,2,112,Lost
C0693,2023-10-13,80,4,101575.0,3,3,4,334,Loyal Customers
C0695,2023-08-17,137,4,50903.0,2,3,3,233,Loyal Customers
C0696,2023-11-07,55,4,50674.5,3,3,3,333,Loyal Customers
C0697,2023-06-15,200,1,6599.0,2,1,1,211,Others
C0698,2022-08-03,516,4,129604.0,1,3,4,134,Loyal Customers
C0699,2023-09-29,94,4,103043.5,3,3,4,334,Loyal Customers
C0701,2023-09-26,97,6,58873.5,3,4,3,343,Loyal Customers
C0702,2023-12-16,16,5,78863.0,4,4,4,444,Champions
C0703,2023-07-31,154,1,21360.0,2,1,1,211,Others
C0704,2023-12-21,11,6,162547.0,4,4,4,444,Champions
C0705,2023-12-25,7,3,12517.5,4,2,1,421,Others
C0706,2023-11-23,39,2,45492.5,4,1,3,413,Others
C0707,2023-10-19,74,3,28008.0,3,2,2,322,Others
C0709,2022-08-26,493,2,2410.0,1,1,1,111,Lost
C0710,2023-09-01,122,2,4702.5,3,1,1,311,Others
C0711,2023-05-03,243,2,36495.0,2,1,2,212,Others
C0712,2023-11-28,34,4,58779.5,4,3,3,433,Loyal Customers
C0713,2023-12-23,9,3,40088.0,4,2,2,422,Others
C0714,2023-09-21,102,2,7170.0,3,1,1,311,Others
C0715,2023-12-22,10,7,96998.5,4,4,4,444,Champions
C0716,2023-12-22,10,6,53341.5,4,4,3,443,Loyal Customers
C0717,2023-12-06,26,6,88207.0,4,4,4,444,Champions
C0718,2022-11-10,417,1,6450.0,1,1,1,111,Lost
C0719,2023-10-27,66,6,55466.0,3,4,3,343,Loyal Customers
C0720,2022-08-23,496,2,52292.0,1,1,3,113,Lost
C0721,2023-11-15,47,3,101242.5,4,2,4,424,Others
C0722,2023-09-21,102,1,12060.0,3,1,1,311,Others
C0723,2023-08-28,126,1,9956.0,3,1,1,311,Others
C0724,2023-12-06,26,7,72938.0,4,4,4,444,Champions
C0725,2023-06-22,193,3,19784.0,2,2,1,221,At Risk
C0726,2023-08-31,123,1,23228.0,3,1,2,312,Others
C0727,2023-09-17,106,3,22963.0,3,2,2,322,Others
C0728,2023-10-09,84,6,94027.5,3,4,4,344,Loyal Customers
C0729,2023-09-07,116,6,113151.0,3,4,4,344,Loyal Customers
C0730,2023-07-10,175,3,70625.5,2,2,3,223,At Risk
C0731,2022-12-29,368,5,104276.5,1,4,4,144,Loyal Customers
C0732,2023-10-05,88,4,58032.5,3,3,3,333,Loyal Customers
C0733,2023-11-25,37,5,72665.0,4,4,4,444,Champions
C0736,2023-09-10,113,4,87460.0,3,3,4,334,Loyal Customers
C0737,2023-05-06,240,6,108411.5,2,4,4,244,Loyal Customers
C0738,2023-12-12,20,3,70648.0,4,2,4,424,Others
C0739,2023-06-01,214,6,85290.5,2,4,4,244,Loyal Customers
C0740,2023-06-26,189,4,36879.0,2,3,2,232,Loyal Customers
C0741,2023-07-23,162,5,40993.0,2,4,2,242,Loyal Customers
C0742,2023-06-24,191,6,61126.0,2,4,3,243,Loyal Customers
C0743,2023-11-08,54,3,37957.0,4,2,2,422,Others
C0744,2022-12-03,394,3,67525.5,1,2,3,123,At Risk
C0745,2023-10-04,89,5,82276.0,3,4,4,344,Loyal Customers
C0746,2023-04-06,270,3,69398.5,1,2,3,123,At Risk
C0747,2023-02-12,323,3,32886.5,1,2,2,122,At Risk
C0748,2023-01-13,353,1,4090.0,1,1,1,111,Lost
C0749,2023-07-06,179,2,15732.0,2,1,1,211,Others
C0750,2023-04-01,275,1,780.0,1,1,1,111,Lost
C0751,2023-02-24,311,1,912.0,1,1,1,111,Lost
C0752,2022-12-29,368,3,7080.0,1,2,1,121,At Risk
C0753,2023-10-21,72,2,4060.0,3,1,1,311,Others
C0754,2022-04-15,626,1,36204.0,1,1,2,112,Lost
C0755,2023-12-19,13,3,19845.5,4,2,1,421,Others
C0756,2023-09-25,98,6,94663.5,3,4,4,344,Loyal Customers
C0757,2023-02-10,325,2,41077.5,1,1,2,112,Lost
C0759,2023-10-30,63,3,24720.0,3,2,2,322,Others
C0761,2023-08-27,127,4,28447.5,3,3,2,332,Loyal Customers
C0762,2023-06-25,190,3,60127.0,2,2,3,223,At Risk
C0763,2023-11-22,40,4,18254.0,4,3,1,431,Loyal Customers
C0764,2023-01-06,360,2,24020.0,1,1,2,112,Lost
C0765,2023-11-19,43,2,50890.0,4,1,3,413,Others
C0766,2023-03-09,298,2,57980.0,1,1,3,113,Lost
C0767,2023-04-10,266,1,6093.0,2,1,1,211,Others
C0768,2023-11-27,35,6,49032.0,4,4,3,443,Loyal Customers
C0769,2023-05-19,227,3,40696.5,2,2,2,222,At Risk
C0770,2023-02-14,321,2,42908.0,1,1,3,113,Lost
C0771,2023-07-05,180,5,102739.5,2,4,4,244,Loyal Customers
C0772,2023-03-11,296,4,45997.0,1,3,3,133,Loyal Customers
C0773,2023-09-15,108,3,26508.0,3,2,2,322,Others
C0774,2023-10-17,76,3,55641.5,3,2,3,323,Others
C0775,2023-07-28,157,3,40485.0,2,2,2,222,At Risk
C0776,2023-11-18,44,3,50249.0,4,2,3,423,Others
C0777,2022-11-23,404,3,27350.0,1,2,2,122,At Risk
C0778,2023-06-14,201,2,26057.5,2,1,2,212,Others
C0779,2022-09-22,466,5,107781.5,1,4,4,144,Loyal Customers
C0780,2023-07-22,163,4,38154.0,2,3,2,232,Loyal Customers
C0781,2023-03-19,288,3,31626.0,1,2,2,122,At Risk
C0782,2023-07-23,162,5,93712.5,2,4,4,244,Loyal Customers
C0783,2023-03-25,282,4,55200.0,1,3,3,133,Loyal Customers
C0784,2023-09-25,98,5,81738.5,3,4,4,344,Loyal Customers
C0785,2023-10-28,65,3,16860.0,3,2,1,321,Others
C0786,2023-08-10,144,2,56492.0,2,1,3,213,Others
C0788,2023-12-31,1,2,45663.5,4,1,3,413,Others
C0789,2023-07-25,160,8,148524.0,2,4,4,244,Loyal Customers
C0790,2023-12-02,30,4,30935.0,4,3,2,432,Loyal Customers
C0791,2023-11-10,52,5,24674.5,4,4,2,442,Loyal Customers
C0792,2023-01-12,354,2,45030.0,1,1,3,113,Lost
C0793,2023-05-29,217,1,38500.0,2,1,2,212,Others
C0794,2023-08-03,151,7,98157.5,2,4,4,244,Loyal Customers
C0795,2023-10-24,69,5,147425.0,3,4,4,344,Loyal Customers
C0796,2023-06-14,201,3,31016.0,2,2,2,222,At Risk
C0797,2023-10-21,72,2,28443.0,3,1,2,312,Others
C0798,2022-04-23,618,1,11517.5,1,1,1,111,Lost
C0799,2023-12-19,13,7,56882.5,4,4,3,443,Loyal Customers
C0800,2023-10-22,71,1,0.0,3,1,1,311,Others
C0801,2023-09-06,117,2,28811.0,3,1,2,312,Others
C0802,2022-10-13,445,2,2673.0,1,1,1,111,Lost
C0803,2023-09-13,110,2,8415.0,3,1,1,311,Others
C0804,2023-11-06,56,4,49158.0,3,3,3,333,Loyal Customers
C0805,2023-12-21,11,4,62838.0,4,3,3,433,Loyal Customers
C0806,2023-11-30,32,7,154716.0,4,4,4,444,Champions
C0807,2023-08-04,150,4,54596.0,2,3,3,233,Loyal Customers
C0808,2022-10-22,436,3,34335.0,1,2,2,122,At Risk
C0809,2023-11-12,50,9,124838.5,4,4,4,444,Champions
C0810,2023-08-18,136,3,61752.5,2,2,3,223,At Risk
C0811,2023-05-12,234,2,51438.5,2,1,3,213,Others
C0813,2023-11-07,55,5,59701.0,3,4,3,343,Loyal Customers
C0814,2023-12-04,28,6,166600.0,4,4,4,444,Champions
C0815,2023-07-29,156,6,77277.0,2,4,4,244,Loyal Customers
C0816,2023-04-04,272,2,14509.0,1,1,1,111,Lost
C0817,2023-07-16,169,4,124447.5,2,3,4,234,Loyal Customers
C0819,2023-06-01,214,1,2430.0,2,1,1,211,Others
C0820,2023-09-22,101,4,112462.5,3,3,4,334,Loyal Customers
C0821,2023-07-03,182,3,46819.5,2,2,3,223,At Risk
C0822,2023-11-20,42,3,51320.0,4,2,3,423,Others
C0823,2023-03-30,277,3,91042.0,1,2,4,124,At Risk
C0824,2023-10-05,88,5,28783.5,3,4,2,342,Loyal Customers
C0825,2023-05-12,234,6,93283.0,2,4,4,244,Loyal Customers
C0826,2023-01-28,338,4,85445.5,1,3,4,134,Loyal Customers
C0827,2023-06-26,189,5,41732.0,2,4,2,242,Loyal Customers
C0828,2023-08-27,127,7,84592.5,3,4,4,344,Loyal Customers
C0829,2023-12-08,24,6,77392.5,4,4,4,444,Champions
C0830,2023-12-15,17,4,8037.0,4,3,1,431,Loyal Customers
C0831,2023-10-24,69,2,94987.0,3,1,4,314,Others
C0832,2023-12-31,1,10,142814.0,4,4,4,444,Champions
C0833,2022-09-17,471,3,60643.5,1,2,3,123,At Risk
C0834,2023-10-19,74,7,77947.0,3,4,4,344,Loyal Customers
C0835,2023-05-11,235,5,20515.0,2,4,1,241,Loyal Customers
C0836,2023-09-21,102,4,33106.0,3,3,2,332,Loyal Customers
C0837,2023-12-23,9,6,178820.0,4,4,4,444,Champions
C0838,2022-10-21,437,4,79991.0,1,3,4,134,Loyal Customers
C0839,2023-12-01,31,3,24523.5,4,2,2,422,Others
C0840,2023-08-30,124,3,4896.0,3,2,1,321,Others
C0841,2022-10-11,447,4,32308.5,1,3,2,132,Loyal Customers
C0842,2023-05-17,229,3,5229.0,2,2,1,221,At Risk
C0843,2023-07-27,158,3,41480.0,2,2,2,222,At Risk
C0844,2023-11-08,54,10,92150.0,4,4,4,444,Champions
C0845,2023-08-14,140,1,35160.5,2,1,2,212,Others
C0846,2023-06-29,186,1,11580.0,2,1,1,211,Others
C0848,2023-11-21,41,3,18519.0,4,2,1,421,Others
C0849,2023-06-23,192,3,10865.0,2,2,1,221,At Risk
C0850,2023-10-24,69,6,100266.0,3,4,4,344,Loyal Customers
C0851,2023-12-26,6,5,41455.0,4,4,2,442,Loyal Customers
C0852,2023-12-12,20,5,41490.0,4,4,2,442,Loyal Customers
C0853,2023-01-18,348,2,11487.0,1,1,1,111,Lost
C0854,2023-04-18,258,2,18120.0,2,1,1,211,Others
C0855,2023-09-13,110,6,65254.0,3,4,3,343,Loyal Customers
C0856,2023-09-29,94,3,2907.0,3,2,1,321,Others
C0857,2023-08-13,141,4,110389.5,2,3,4,234,Loyal Customers
C0858,2023-11-29,33,3,15911.0,4,3,1,431,Loyal Customers
C0859,2023-07-03,182,3,19263.0,2,3,1,231,Loyal Customers
C0860,2023-11-22,40,4,39530.0,4,3,2,432,Loyal Customers
C0861,2022-03-24,648,1,39910.5,1,1,2,112,Lost
C0862,2023-10-09,84,4,87065.5,3,3,4,334,Loyal Customers
C0863,2023-12-21,11,5,136568.0,4,4,4,444,Champions
C0864,2022-06-05,575,2,62920.0,1,1,3,113,Lost
C0865,2023-08-28,126,3,83775.0,3,3,4,334,Loyal Customers
C0866,2023-08-15,139,4,49504.0,2,3,3,233,Loyal Customers
C0867,2023-09-17,106,7,61170.5,3,4,3,343,Loyal Customers
C0868,2023-05-10,236,4,95072.0,2,3,4,234,Loyal Customers
C0869,2023-12-25,7,3,39972.0,4,3,2,432,Loyal Customers
C0870,2023-06-17,198,2,18962.0,2,1,1,211,Others
C0871,2022-07-04,546,2,37498.0,1,1,2,112,Lost
C0872,2023-03-29,278,1,15182.0,1,1,1,111,Lost
C0873,2023-04-17,259,5,98142.0,2,4,4,244,Loyal Customers
C0874,2023-05-29,217,6,103310.0,2,4,4,244,Loyal Customers
C0875,2023-10-11,82,4,33317.0,3,3,2,332,Loyal Customers
C0876,2023-02-19,316,3,22212.5,1,3,1,131,Loyal Customers
C0877,2023-12-26,6,6,45620.0,4,4,3,443,Loyal Customers
C0878,2023-11-16,46,5,85322.0,4,4,4,444,Champions
C0879,2022-12-05,392,4,62208.5,1,3,3,133,Loyal Customers
C0880,2023-12-11,21,5,38862.0,4,4,2,442,Loyal Customers
C0881,2023-12-21,11,4,48875.0,4,3,3,433,Loyal Customers
C0882,2023-09-22,101,3,17585.5,3,3,1,331,Loyal Customers
C0883,2023-09-20,103,6,47105.5,3,4,3,343,Loyal Customers
C0884,2022-07-11,539,2,31518.0,1,2,2,122,At Risk
C0885,2023-06-29,186,2,16804.0,2,2,1,221,At Risk
C0886,2023-10-28,65,10,108208.5,3,4,4,344,Loyal Customers
C0887,2023-11-15,47,3,62415.0,4,3,3,433,Loyal Customers
C0888,2023-11-08,54,5,57924.5,4,4,3,443,Loyal Customers
C0889,2023-12-25,7,4,21229.0,4,3,1,431,Loyal Customers
C0890,2023-11-01,61,8,79696.5,3,4,4,344,Loyal Customers
C0891,2023-10-23,70,3,53200.0,3,3,3,333,Loyal Customers
C0892,2023-06-22,193,3,21046.0,2,3,1,231,Loyal Customers
C0893,2023-03-28,279,1,26144.0,1,1,2,112,Lost
C0894,2022-08-14,505,1,43774.0,1,1,3,113,Lost
C0895,2023-08-25,129,5,63853.5,3,4,3,343,Loyal Customers
C0896,2023-08-19,135,5,65665.5,2,4,3,243,Loyal Customers
C0897,2022-06-16,564,1,0.0,1,1,1,111,Lost
C0898,2023-09-06,117,3,40900.0,3,3,2,332,Loyal Customers
C0899,2023-10-04,89,1,3905.0,3,1,1,311,Others
C0900,2023-12-11,21,2,13965.0,4,2,1,421,Others
C0901,2023-10-23,70,2,47442.0,3,2,3,323,Others
C0902,2023-02-06,329,4,58352.0,1,3,3,133,Loyal Customers
C0903,2023-11-20,42,4,95917.0,4,3,4,434,Loyal Customers
C0904,2023-09-28,95,4,23070.0,3,3,2,332,Loyal Customers
C0905,2023-11-26,36,3,30449.5,4,3,2,432,Loyal Customers
C0906,2023-12-08,24,4,63903.0,4,3,3,433,Loyal Customers
C0907,2023-08-22,132,2,54120.0,2,2,3,223,At Risk
C0908,2023-11-01,61,3,84267.5,3,3,4,334,Loyal Customers
C0909,2023-07-19,166,3,85232.5,2,3,4,234,Loyal Customers
C0910,2023-03-29,278,3,22566.0,1,3,2,132,Loyal Customers
C0911,2023-12-13,19,5,56388.0,4,4,3,443,Loyal Customers
C0912,2023-07-31,154,4,42063.0,2,3,2,232,Loyal Customers
C0913,2023-11-08,54,3,37912.0,4,3,2,432,Loyal Customers
C0914,2023-04-14,262,1,58260.0,2,1,3,213,Others
C0915,2023-10-24,69,6,94151.5,3,4,4,344,Loyal Customers
C0916,2023-12-14,18,3,21004.0,4,3,1,431,Loyal Customers
C0917,2023-11-23,39,4,78447.5,4,3,4,434,Loyal Customers
C0918,2022-09-12,476,2,32358.5,1,2,2,122,At Risk
C0919,2023-10-27,66,7,141751.0,3,4,4,344,Loyal Customers
C0920,2023-09-19,104,3,81707.0,3,3,4,334,Loyal Customers
C0921,2023-12-28,4,4,39439.0,4,3,2,432,Loyal Customers
C0922,2023-11-05,57,4,70503.5,3,3,3,333,Loyal Customers
C0923,2023-11-01,61,4,24625.5,3,3,2,332,Loyal Customers
C0924,2023-05-06,240,4,25455.5,2,3,2,232,Loyal Customers
C0925,2023-12-07,25,2,55508.0,4,2,3,423,Others
C0926,2023-06-01,214,3,12651.5,2,3,1,231,Loyal Customers
C0927,2022-10-22,436,3,48598.0,1,3,3,133,Loyal Customers
C0928,2023-11-12,50,1,35944.0,4,1,2,412,Others
C0929,2023-07-20,165,3,39468.0,2,3,2,232,Loyal Customers
C0930,2023-12-30,2,3,20267.0,4,3,1,431,Loyal Customers
C0931,2023-11-14,48,3,40657.0,4,3,2,432,Loyal Customers
C0932,2022-08-29,490,1,0.0,1,1,1,111,Lost
C0933,2023-12-06,26,10,36442.0,4,4,2,442,Loyal Customers
C0934,2023-08-12,142,5,88740.5,2,4,4,244,Loyal Customers
C0935,2023-07-27,158,4,109956.0,2,3,4,234,Loyal Customers
C0936,2023-11-27,35,11,124236.5,4,4,4,444,Champions
C0937,2023-10-18,75,4,20519.0,3,3,1,331,Loyal Customers
C0938,2023-08-09,145,2,70794.5,2,2,4,224,At Risk
C0939,2023-10-03,90,2,21686.5,3,2,1,321,Others
C0940,2023-08-24,130,3,34234.0,2,3,2,232,Loyal Customers
C0941,2023-01-11,355,4,66389.0,1,3,3,133,Loyal Customers
C0942,2022-06-18,562,2,30562.0,1,2,2,122,At Risk
C0943,2023-09-09,114,5,140496.5,3,4,4,344,Loyal Customers
C0944,2023-07-05,180,3,55550.0,2,3,3,233,Loyal Customers
C0945,2023-07-02,183,3,7758.0,2,3,1,231,Loyal Customers
C0946,2023-11-30,32,4,23910.5,4,3,2,432,Loyal Customers
C0947,2023-02-25,310,3,35141.5,1,3,2,132,Loyal Customers
C0948,2023-12-01,31,3,45090.5,4,3,3,433,Loyal Customers
C0949,2023-06-07,208,4,82389.0,2,3,4,234,Loyal Customers
C0950,2023-10-06,87,2,11663.5,3,2,1,321,Others
C0951,2022-12-21,376,1,9547.5,1,1,1,111,Lost
C0952,2023-04-29,247,3,79115.0,2,3,4,234,Loyal Customers
C0953,2023-02-13,322,3,34709.5,1,3,2,132,Loyal Customers
C0954,2022-10-23,435,4,65052.5,1,3,3,133,Loyal Customers
C0955,2023-08-03,151,5,53600.0,2,4,3,243,Loyal Customers
C0956,2023-11-18,44,8,121542.0,4,4,4,444,Champions
C0957,2023-09-23,100,3,24882.5,3,3,2,332,Loyal Customers
C0958,2023-11-16,46,1,20865.0,4,1,1,411,Others
C0959,2022-09-10,478,2,4794.5,1,2,1,121,At Risk
C0960,2023-10-16,77,5,75879.0,3,4,4,344,Loyal Customers
C0961,2023-07-11,174,2,60000.0,2,2,3,223,At Risk
C0962,2023-03-15,292,5,46604.0,1,4,3,143,Loyal Customers
C0963,2023-11-07,55,2,31424.0,3,2,2,322,Others
C0964,2023-11-02,60,1,9900.0,3,1,1,311,Others
C0965,2023-08-31,123,3,45273.5,3,3,3,333,Loyal Customers
C0966,2022-12-13,384,2,22076.0,1,2,1,121,At Risk
C0968,2023-01-01,365,4,57930.0,1,3,3,133,Loyal Customers
C0969,2022-09-30,458,1,9357.5,1,1,1,111,Lost
C0970,2023-03-28,279,6,147042.0,1,4,4,144,Loyal Customers
C0971,2023-04-03,273,2,11409.0,1,2,1,121,At Risk
C0972,2023-10-12,81,3,56252.0,3,3,3,333,Loyal Customers
C0973,2022-02-11,689,1,3806.0,1,1,1,111,Lost
C0974,2023-03-14,293,6,193969.0,1,4,4,144,Loyal Customers
C0975,2023-04-22,254,3,57346.0,2,3,3,233,Loyal Customers
C0976,2023-12-02,30,4,30786.0,4,3,2,432,Loyal Customers
C0977,2023-05-15,231,2,20558.0,2,2,1,221,At Risk
C0978,2023-03-09,298,3,39357.5,1,3,2,132,Loyal Customers
C0979,2023-08-03,151,3,28618.5,2,3,2,232,Loyal Customers
C0980,2023-05-17,229,2,9488.5,2,2,1,221,At Risk
C0981,2023-01-06,360,4,53356.0,1,3,3,133,Loyal Customers
C0982,2023-03-25,282,5,78198.5,1,4,4,144,Loyal Customers
C0984,2022-12-03,394,2,48233.0,1,2,3,123,At Risk
C0985,2023-02-05,330,4,37198.0,1,3,2,132,Loyal Customers
C0986,2023-09-09,114,4,78582.0,3,3,4,334,Loyal Customers
C0987,2023-06-26,189,4,43938.0,2,3,3,233,Loyal Customers
C0988,2023-09-11,112,4,48312.0,3,3,3,333,Loyal Customers
C0989,2023-11-09,53,3,59494.5,4,3,3,433,Loyal Customers
C0990,2023-11-02,60,3,33289.5,3,3,2,332,Loyal Customers
C0991,2023-09-16,107,4,57262.5,3,3,3,333,Loyal Customers
C0992,2023-12-23,9,2,3384.5,4,2,1,421,Others
C0993,2023-11-30,32,7,136724.0,4,4,4,444,Champions
C0994,2023-06-18,197,6,70558.0,2,4,3,243,Loyal Customers
C0995,2023-03-16,291,1,0.0,1,1,1,111,Lost
C0996,2023-04-15,261,4,19270.5,2,3,1,231,Loyal Customers
C0997,2022-04-07,634,1,4455.0,1,1,1,111,Lost
C0998,2023-04-22,254,1,0.0,2,1,1,211,Others
C0999,2022-09-21,467,2,22596.0,1,2,2,122,At Risk
C1000,2023-11-02,60,6,109169.0,3,4,4,344,Loyal Customers
